obj_filename,sket_filename
90ba6644ad322c47.obj,036dbe8e06efc868.jpg
e9b85e6177ccf14d.obj,036dbe8e06efc868.jpg
2d0e5e5ef940e212.obj,036dbe8e06efc868.jpg
55a985eef253a7a0.obj,036dbe8e06efc868.jpg
90ba6644ad322c47.obj,0516d1f786008dce.jpg
e9b85e6177ccf14d.obj,0516d1f786008dce.jpg
2d0e5e5ef940e212.obj,0516d1f786008dce.jpg
55a985eef253a7a0.obj,0516d1f786008dce.jpg
afb4aa409ce3ba60.obj,0f6515298b18c2d6.jpg
592aba62e8462b16.obj,0f6515298b18c2d6.jpg
b54319c9bb0ede4d.obj,0f6515298b18c2d6.jpg
0ac1112120f956e6.obj,0f6515298b18c2d6.jpg
819367dceddb838b.obj,19e9e7cc69736b3c.jpg
74703abba6aed00b.obj,19e9e7cc69736b3c.jpg
22c09296590fb951.obj,19e9e7cc69736b3c.jpg
6585855871402772.obj,19e9e7cc69736b3c.jpg
f46502a5c792f3d2.obj,1e97b3b7b6603091.jpg
5192c45bf1ce718c.obj,1e97b3b7b6603091.jpg
ed2b9dbd5a8d4f91.obj,1e97b3b7b6603091.jpg
59400f104fce28c2.obj,1e97b3b7b6603091.jpg
90ba6644ad322c47.obj,1f4391cd4503420a.jpg
55a985eef253a7a0.obj,1f4391cd4503420a.jpg
2d0e5e5ef940e212.obj,1f4391cd4503420a.jpg
e9b85e6177ccf14d.obj,1f4391cd4503420a.jpg
ae09892d3ad04b4b.obj,24bebcfbcaa4b12e.jpg
88fe8b2185d4feb6.obj,24bebcfbcaa4b12e.jpg
ee5fdac79ee65b48.obj,24bebcfbcaa4b12e.jpg
11e16848f8de0a7b.obj,24bebcfbcaa4b12e.jpg
7aa6307caf88079d.obj,254eafbab701386d.jpg
7e425f2c7bd1de87.obj,254eafbab701386d.jpg
7907e0dc70c44f92.obj,254eafbab701386d.jpg
bffcd34d68d28303.obj,254eafbab701386d.jpg
3762672a3fb6a081.obj,2704cbf6b6d342ee.jpg
5f779cd192cae3a3.obj,2704cbf6b6d342ee.jpg
52037651db34d9c6.obj,2704cbf6b6d342ee.jpg
5a47b8a4ad093e6c.obj,2704cbf6b6d342ee.jpg
bcfec2a2e7d4336a.obj,28968135d005c606.jpg
e76f366074e000b0.obj,28968135d005c606.jpg
57b24bbdb0c2985f.obj,28968135d005c606.jpg
9047b88a1daca816.obj,28968135d005c606.jpg
819367dceddb838b.obj,2cb6bc62e0c506b5.jpg
6585855871402772.obj,2cb6bc62e0c506b5.jpg
22c09296590fb951.obj,2cb6bc62e0c506b5.jpg
74703abba6aed00b.obj,2cb6bc62e0c506b5.jpg
6929c827e1ce8419.obj,3460cf26dabd232f.jpg
d5ce39428399616c.obj,3460cf26dabd232f.jpg
03b5427c9cbad7df.obj,3460cf26dabd232f.jpg
40ffabf8d9949b3a.obj,3460cf26dabd232f.jpg
e76f366074e000b0.obj,347cab418dff6619.jpg
bcfec2a2e7d4336a.obj,347cab418dff6619.jpg
9047b88a1daca816.obj,347cab418dff6619.jpg
57b24bbdb0c2985f.obj,347cab418dff6619.jpg
cb4fbea952d068b4.obj,35901fcbe0a2d90c.jpg
fb8e44e358fa39c8.obj,35901fcbe0a2d90c.jpg
eb2ca1b686cec5b6.obj,35901fcbe0a2d90c.jpg
4c142b488845264b.obj,35901fcbe0a2d90c.jpg
efc57137562e8eeb.obj,3b7fc4abd27cc1ba.jpg
f45311b54d5d3fe4.obj,3b7fc4abd27cc1ba.jpg
c329a4bfc8c0a995.obj,3b7fc4abd27cc1ba.jpg
6f4322bbfcbf58b6.obj,3b7fc4abd27cc1ba.jpg
afb4aa409ce3ba60.obj,4168963b990e062b.jpg
592aba62e8462b16.obj,4168963b990e062b.jpg
0ac1112120f956e6.obj,4168963b990e062b.jpg
b54319c9bb0ede4d.obj,4168963b990e062b.jpg
e74deefe0a3ad809.obj,48359a74121fbed4.jpg
c484f391c112c70f.obj,48359a74121fbed4.jpg
0cedfe3226dabe49.obj,48359a74121fbed4.jpg
25eb316bfa00fc98.obj,48359a74121fbed4.jpg
876489950e67fe4b.obj,4e72f96a26936634.jpg
05c7a6c16b69e4b0.obj,4e72f96a26936634.jpg
c6a64b1fd1e8cd43.obj,4e72f96a26936634.jpg
3dd66bd447d95ae1.obj,4e72f96a26936634.jpg
f46502a5c792f3d2.obj,564d699790e18d3c.jpg
ed2b9dbd5a8d4f91.obj,564d699790e18d3c.jpg
5192c45bf1ce718c.obj,564d699790e18d3c.jpg
59400f104fce28c2.obj,564d699790e18d3c.jpg
9047b88a1daca816.obj,5ad5181689668582.jpg
e76f366074e000b0.obj,5ad5181689668582.jpg
bcfec2a2e7d4336a.obj,5ad5181689668582.jpg
57b24bbdb0c2985f.obj,5ad5181689668582.jpg
876489950e67fe4b.obj,5bc23aeaabd17055.jpg
05c7a6c16b69e4b0.obj,5bc23aeaabd17055.jpg
c6a64b1fd1e8cd43.obj,5bc23aeaabd17055.jpg
3dd66bd447d95ae1.obj,5bc23aeaabd17055.jpg
b5f24bcd658e3bd5.obj,6530ccc8e0180c07.jpg
7115af5fd3e62ca0.obj,6530ccc8e0180c07.jpg
39fa25fa685a2a71.obj,6530ccc8e0180c07.jpg
9e2c640d53381d60.obj,6530ccc8e0180c07.jpg
9841cafe9b5e1f5e.obj,6c66d2f4a2caecd8.jpg
2acea48879fd7fec.obj,6c66d2f4a2caecd8.jpg
d1fa77c870715aa6.obj,6c66d2f4a2caecd8.jpg
3575419b4b9d1e89.obj,6c66d2f4a2caecd8.jpg
c75a9c7c8b59efc9.obj,6df2f2988d50b092.jpg
ff2eff3e8be69c85.obj,6df2f2988d50b092.jpg
890f0812b9947e09.obj,6df2f2988d50b092.jpg
94ee98fd5cf5e505.obj,6df2f2988d50b092.jpg
581129f2e0a8962a.obj,6e352e7b339a177b.jpg
1a0240c017cd5737.obj,6e352e7b339a177b.jpg
303ae000f3346db3.obj,6e352e7b339a177b.jpg
ebb4e5b69643d4ab.obj,6e352e7b339a177b.jpg
0b3e8d17d98f5193.obj,6e469ecb95c2a705.jpg
1b3d973e8c712776.obj,6e469ecb95c2a705.jpg
9edcaa9f5ddecfc2.obj,6e469ecb95c2a705.jpg
2736c1212e9624d8.obj,6e469ecb95c2a705.jpg
ee5fdac79ee65b48.obj,6ef0b40fa176ac70.jpg
88fe8b2185d4feb6.obj,6ef0b40fa176ac70.jpg
ae09892d3ad04b4b.obj,6ef0b40fa176ac70.jpg
11e16848f8de0a7b.obj,6ef0b40fa176ac70.jpg
b4891278cf84bda4.obj,70d14b3001c113c6.jpg
25d8bb2c5103d784.obj,70d14b3001c113c6.jpg
0c273d5ab5435bff.obj,70d14b3001c113c6.jpg
800132a29257a00e.obj,70d14b3001c113c6.jpg
4c142b488845264b.obj,783ac99bb7f48124.jpg
eb2ca1b686cec5b6.obj,783ac99bb7f48124.jpg
cb4fbea952d068b4.obj,783ac99bb7f48124.jpg
fb8e44e358fa39c8.obj,783ac99bb7f48124.jpg
7907e0dc70c44f92.obj,7d7526004f6673ca.jpg
bffcd34d68d28303.obj,7d7526004f6673ca.jpg
7e425f2c7bd1de87.obj,7d7526004f6673ca.jpg
7aa6307caf88079d.obj,7d7526004f6673ca.jpg
f88ddb5d1e798ebc.obj,802a7a2daebb4f38.jpg
f676e480e5f79f05.obj,802a7a2daebb4f38.jpg
b660f7e5959a2ea0.obj,802a7a2daebb4f38.jpg
3080f1b08986b040.obj,802a7a2daebb4f38.jpg
90ba6644ad322c47.obj,86889d264071b08d.jpg
e9b85e6177ccf14d.obj,86889d264071b08d.jpg
55a985eef253a7a0.obj,86889d264071b08d.jpg
2d0e5e5ef940e212.obj,86889d264071b08d.jpg
fb8e44e358fa39c8.obj,8f3d320e6bfdb9c4.jpg
cb4fbea952d068b4.obj,8f3d320e6bfdb9c4.jpg
4c142b488845264b.obj,8f3d320e6bfdb9c4.jpg
eb2ca1b686cec5b6.obj,8f3d320e6bfdb9c4.jpg
3575419b4b9d1e89.obj,8fadd0a5150e55bb.jpg
9841cafe9b5e1f5e.obj,8fadd0a5150e55bb.jpg
d1fa77c870715aa6.obj,8fadd0a5150e55bb.jpg
2acea48879fd7fec.obj,8fadd0a5150e55bb.jpg
834953da8335695b.obj,9013db08af141f27.jpg
8504af9b6f6829dc.obj,9013db08af141f27.jpg
f8b337766428bd4e.obj,9013db08af141f27.jpg
89defea2383d8c4c.obj,9013db08af141f27.jpg
d5ce39428399616c.obj,920d0233669b8007.jpg
03b5427c9cbad7df.obj,920d0233669b8007.jpg
40ffabf8d9949b3a.obj,920d0233669b8007.jpg
6929c827e1ce8419.obj,920d0233669b8007.jpg
afb491e33546448e.obj,92638363fccf2782.jpg
f5749752ed4a8e10.obj,92638363fccf2782.jpg
79c95869e0d37be3.obj,92638363fccf2782.jpg
4b7e6d7c00dc221c.obj,92638363fccf2782.jpg
94ee98fd5cf5e505.obj,937b1839eb275b01.jpg
890f0812b9947e09.obj,937b1839eb275b01.jpg
c75a9c7c8b59efc9.obj,937b1839eb275b01.jpg
ff2eff3e8be69c85.obj,937b1839eb275b01.jpg
b141dda23578766d.obj,9c91e244378d10e8.jpg
55f44c3f728145bb.obj,9c91e244378d10e8.jpg
0449f665c5c7d649.obj,9c91e244378d10e8.jpg
f30a9b11844c24b0.obj,9c91e244378d10e8.jpg
ee5fdac79ee65b48.obj,9d057380af7f8229.jpg
88fe8b2185d4feb6.obj,9d057380af7f8229.jpg
ae09892d3ad04b4b.obj,9d057380af7f8229.jpg
11e16848f8de0a7b.obj,9d057380af7f8229.jpg
15d746d0e8530e55.obj,a862dd19d386dafb.jpg
5f38dbc7e09d2cdd.obj,a862dd19d386dafb.jpg
56c67f15ec8bdb2c.obj,a862dd19d386dafb.jpg
deed286d937453e9.obj,a862dd19d386dafb.jpg
0b3e8d17d98f5193.obj,a9b963f95acd6c52.jpg
2736c1212e9624d8.obj,a9b963f95acd6c52.jpg
9edcaa9f5ddecfc2.obj,a9b963f95acd6c52.jpg
1b3d973e8c712776.obj,a9b963f95acd6c52.jpg
b0334182d0c3faeb.obj,b712443c86f071ee.jpg
2dfa7571f2321b9e.obj,b712443c86f071ee.jpg
1564b04086c2c084.obj,b712443c86f071ee.jpg
b609dc59b3039257.obj,b712443c86f071ee.jpg
f807a75c0e3429fa.obj,be10e56aea982a64.jpg
78c02d222c27bc25.obj,be10e56aea982a64.jpg
b44e755a2fb42ad0.obj,be10e56aea982a64.jpg
5f76ff02b2bd8554.obj,be10e56aea982a64.jpg
c18dc05027727a8d.obj,c2601a6eeae11ccd.jpg
344e0698585e098a.obj,c2601a6eeae11ccd.jpg
5d47fcc026aece1e.obj,c2601a6eeae11ccd.jpg
d63af3f5e7edd913.obj,c2601a6eeae11ccd.jpg
10b05be54ad24bbf.obj,c88f6243b997a1c7.jpg
e18ea7c595a3d53d.obj,c88f6243b997a1c7.jpg
fc20b4369ee117fd.obj,c88f6243b997a1c7.jpg
77e419b386f8bb46.obj,c88f6243b997a1c7.jpg
d19ff493ba370b6e.obj,d36c017cc4046784.jpg
a91a958f77aaaf7a.obj,d36c017cc4046784.jpg
85e5acde0498e53b.obj,d36c017cc4046784.jpg
76386d460969cd1c.obj,d36c017cc4046784.jpg
59bd33136e830f43.obj,d6c208d1f02de99e.jpg
130ee9cf38dcc2a1.obj,d6c208d1f02de99e.jpg
67fbcae05765c5f0.obj,d6c208d1f02de99e.jpg
7af0ae61cfa42a48.obj,d6c208d1f02de99e.jpg
d63af3f5e7edd913.obj,e0180c855851d906.jpg
344e0698585e098a.obj,e0180c855851d906.jpg
5d47fcc026aece1e.obj,e0180c855851d906.jpg
c18dc05027727a8d.obj,e0180c855851d906.jpg
aa5750ffc43bcc18.obj,f056a90fff840586.jpg
15b3a52de1d155f8.obj,f056a90fff840586.jpg
15f5184dd981d634.obj,f056a90fff840586.jpg
a64e0155977494f6.obj,f056a90fff840586.jpg
5f76ff02b2bd8554.obj,f33b9b381acfc0e7.jpg
78c02d222c27bc25.obj,f33b9b381acfc0e7.jpg
f807a75c0e3429fa.obj,f33b9b381acfc0e7.jpg
b44e755a2fb42ad0.obj,f33b9b381acfc0e7.jpg
2736c1212e9624d8.obj,f3b370d4a110ae1d.jpg
0b3e8d17d98f5193.obj,f3b370d4a110ae1d.jpg
9edcaa9f5ddecfc2.obj,f3b370d4a110ae1d.jpg
1b3d973e8c712776.obj,f3b370d4a110ae1d.jpg
e8626631698592a7.obj,f48b2ad121264ec4.jpg
e7d35ff357dd270d.obj,f48b2ad121264ec4.jpg
6beb33f61a648b30.obj,f48b2ad121264ec4.jpg
9c0ccaca4f7af75d.obj,f48b2ad121264ec4.jpg
40ffabf8d9949b3a.obj,f87d5ebfae6b0f11.jpg
6929c827e1ce8419.obj,f87d5ebfae6b0f11.jpg
d5ce39428399616c.obj,f87d5ebfae6b0f11.jpg
03b5427c9cbad7df.obj,f87d5ebfae6b0f11.jpg
10b05be54ad24bbf.obj,fb3bfe3603a9e3e6.jpg
e18ea7c595a3d53d.obj,fb3bfe3603a9e3e6.jpg
77e419b386f8bb46.obj,fb3bfe3603a9e3e6.jpg
fc20b4369ee117fd.obj,fb3bfe3603a9e3e6.jpg
22c09296590fb951.obj,fcd5bdb5cc2ef0ae.jpg
819367dceddb838b.obj,fcd5bdb5cc2ef0ae.jpg
74703abba6aed00b.obj,fcd5bdb5cc2ef0ae.jpg
6585855871402772.obj,fcd5bdb5cc2ef0ae.jpg
deed286d937453e9.obj,fe30baf8ddeb9085.jpg
5f38dbc7e09d2cdd.obj,fe30baf8ddeb9085.jpg
15d746d0e8530e55.obj,fe30baf8ddeb9085.jpg
56c67f15ec8bdb2c.obj,fe30baf8ddeb9085.jpg
15d746d0e8530e55.obj,ff0b22b64c6876c8.jpg
deed286d937453e9.obj,ff0b22b64c6876c8.jpg
56c67f15ec8bdb2c.obj,ff0b22b64c6876c8.jpg
5f38dbc7e09d2cdd.obj,ff0b22b64c6876c8.jpg
f8cbd24719bd2d25.obj,ff6acaae2c32372c.jpg
c43879676fbe4462.obj,ff6acaae2c32372c.jpg
fb5c86ffdae2de70.obj,ff6acaae2c32372c.jpg
e478035ea7a63a88.obj,ff6acaae2c32372c.jpg
